padron,apellido,nombre,carrera
96239,Mccormac,Collette,LICENCIATURA EN SISTEMAS DE INFORMACIÓN GEOGRÁFICA
340830,Robertson,Shamas,GESTIÓN DEL ARTE Y LA CULTURA
876301,Morris,Elouise,LICENCIATURA EN ADMINISTRACIÓN DE EMPRESAS
379394,Waters,Clare,LICENCIATURA EN PRODUCCIÓN AUDIOVISUAL
551082,Brennan,Roberto,LICENCIATURA EN ADMINISTRACIÓN PÚBLICA
432417,Gray,Shyam,LICENCIATURA EN ADMINISTRACIÓN PÚBLICA
822364,Tang,Keith,LICENCIATURA EN HIGIENE Y SEGURIDAD DEL TRABAJO
509835,Morris,Elouise,LICENCIATURA EN ADMINISTRACIÓN Y GESTIÓN DE POLÍTICAS SOCIALES
328106,Molina,Anisah,ARTES DEL CIRCO
453839,Nelson,Vicki,LICENCIATURA EN ADMINISTRACIÓN Y GESTIÓN DE POLÍTICAS SOCIALES
